sentiment	frequency
Angry	2.3579564925235155
Sad	26.678119460750377
Neutral	18.13438816595512
Like	82.00350526787179
Love	0.8260306128991967