sentiment	frequency
Angry	0.011214666748421117
Sad	0.17895876931252536
Neutral	125.07799453779892
Like	4.7064881026122904
Love	0.02534392352781481